restaurant_id,restaurant_name,category,location,price_range,overall_rating,food_rating,service_rating,ambiance_rating,review_text,review_date,reviewer_name,source,aspect_sentiments
109911,Pieros Pizza,General,Panamá,,4.54,,,,"el concepto está ok, pero el lugar está escondido. un sábado de quincena sin variedad. para se concepto ny le falta",2026-05-30,Dora Mich T.,degusta,"{'comida': 'negative', 'servicio': 'neutral', 'precio': 'neutral', 'ambiente': 'neutral'}"
109911,Pieros Pizza,General,Panamá,,4.54,,,,"Muy buena pizza, venden por slice. Probe todos los slices, quedé encantado. Pasamos caminando y nos llevamos el slice caminando, super comodo",2026-05-05,Ariel S.,degusta,"{'comida': 'positive', 'servicio': 'neutral', 'precio': 'neutral', 'ambiente': 'neutral'}"
109911,Pieros Pizza,General,Panamá,,4.54,,,,"Me senti en una de esas pizzerias de Manhattan, buena vibra, la pizza excelente NY stule, slices grandes, masa delgada y el borde crujiente. Buena salsa, muy buena mezcla de quesos, y el crust para el que le gusta la masa delgada esta fuera de serie. Los helados super cremosos... full recomendado para pasar por 1 o 2 slices y matar el hambre cuando estas en casco, o para deliveries de pizzas completas.",2026-05-05,Toby S.,degusta,"{'comida': 'positive', 'servicio': 'neutral', 'precio': 'neutral', 'ambiente': 'neutral'}"
109911,Pieros Pizza,General,Panamá,,4.54,,,,"Siemplemente deliciosa y muy buen sabor. El lugar tiene buen ambiente y es rápido. Excelente atención al cliente, súper recomendada!",2026-05-05,Maria Gabriela G.,degusta,"{'comida': 'positive', 'servicio': 'neutral', 'precio': 'neutral', 'ambiente': 'positive'}"
108620,Al Alma,General,Panamá,,4.4176,,,,"Fuimos por una oferta. El ambiente es ameno, la atención fue muy buena. Fuimos un día de semana en la mañana, tuvimos que esperar un poco, pero nos dieron frutas como una entrada.",2026-06-09,Ramiro R.,degusta,"{'comida': 'positive', 'servicio': 'neutral', 'precio': 'neutral', 'ambiente': 'positive'}"
108620,Al Alma,General,Panamá,,4.4176,,,,"Buena opción para lunch y brunch durante todo el día. Los platillos que degustamos estuvieron ricos e igual las bebidas. Tienen open mimosas que estaban muy ricas. Lugar acogedor, buen servicio.",2026-06-03,Thaysie Devonne I.,degusta,"{'comida': 'positive', 'servicio': 'neutral', 'precio': 'neutral', 'ambiente': 'neutral'}"
108620,Al Alma,General,Panamá,,4.4176,,,,"comida mediana y ahora poco atractiva, aunque de buen sabor. terrible que a las 930 am ya no hubiera piña. el bistec picado tenía bastantes cachos incomibles gordos, pellejos, nervios y eso bajó la puntuación. la hojaldra, muy buena.",2026-05-23,Luis Eduardo  O.,degusta,"{'comida': 'neutral', 'servicio': 'neutral', 'precio': 'neutral', 'ambiente': 'neutral'}"
108620,Al Alma,General,Panamá,,4.4176,,,,"el lugar lleno y con espacios, atencion, solo eran 3 personas para las mesas, perooooo super amables y a tiempo.. la comida no mas de 30 minutos y ya estaba en mesa, un tiempo std en espera en restaurantes llenos, y calientita la comida recomendado para algo diferente y luego poder caminar un poco",2026-05-18,Luis M.,degusta,"{'comida': 'neutral', 'servicio': 'neutral', 'precio': 'neutral', 'ambiente': 'neutral'}"
108620,Al Alma,General,Panamá,,4.4176,,,,"El restaurante es precioso, la decoración es súper bonita, es fresco, la ubicación excelente. Fui a desayunar con mi familia y a todos nos encantó la comida, todo estuvo delicioso y la porción abundante, pero la comida demoró aproximadamente 1 hora en llegar. Súper demorada la atención. No vayan con hambre!",2026-05-11,Melissa V.,degusta,"{'comida': 'positive', 'servicio': 'neutral', 'precio': 'positive', 'ambiente': 'neutral'}"
107203,Sugoi Costa Verde,General,Panamá,,,,,,"Excelente todo, comida y servicio. En especial las Gamba Pop y los Rolls, muy bueno. Super super super espectacular y delicioso.",2026-06-10,Ramón E.,degusta,"{'comida': 'positive', 'servicio': 'positive', 'precio': 'neutral', 'ambiente': 'neutral'}"
107203,Sugoi Costa Verde,General,Panamá,,,,,,"Todo muy limpio, el ambiente súper agradable y relajante. El personal muy atento y los platos estaban exquisitos. Sin duda, lo recomendaría!",2026-06-08,Astrid R.,degusta,"{'comida': 'positive', 'servicio': 'positive', 'precio': 'neutral', 'ambiente': 'positive'}"
107203,Sugoi Costa Verde,General,Panamá,,,,,,"Visitamos Sugoi Costa Verde y, como siempre, la experiencia fue excelente. La comida estuvo muy buena, pero lo que realmente destacó fue la atención. María nos atendió de manera excepcional muy amable, atenta y siempre con una sonrisa. Además, tuvo un trato muy especial con mis hijos, haciéndolos sentir cómodos y bienvenidos en todo momento. Definitivamente, el excelente servicio de personas como María hace que queramos regresar. ¡Muchas gracias por hacer de nuestra visita una experiencia tan agradable!",2026-06-07,Meyvis N.,degusta,"{'comida': 'positive', 'servicio': 'positive', 'precio': 'positive', 'ambiente': 'neutral'}"
107203,Sugoi Costa Verde,General,Panamá,,,,,,"Excelente servicio de Nubia, dedicado y profesional. Fuimos con nuestro perrito y nos ofrecieron galletas para él y agua. La comida igual estuvo riquisima.",2026-06-07,Reina R.,degusta,"{'comida': 'neutral', 'servicio': 'positive', 'precio': 'neutral', 'ambiente': 'neutral'}"
107203,Sugoi Costa Verde,General,Panamá,,,,,,"muy buena la atencion de la Sra Michelle, en general todo muy bien! Recomendado! se pasa un momento ameno enfamilia",2026-06-07,Alexander M.,degusta,"{'comida': 'positive', 'servicio': 'positive', 'precio': 'neutral', 'ambiente': 'neutral'}"
109561,Nisos Aegean Grill,General,Panamá,,4.9165,,,,Excelente alternativa de comida griega en Costa del Este. probé las costillas y los langostinos y estuvieron espectaculares. Las empanadas de queso feta con miel fueron un buen inicio como entrada y el yogur griego con nueces y miel permitieron un cierre con broche de oro. En verdad la comida estuvo muy buena. Este será un nuevo restaurante al que regresaré con cierta frecuencia.,2026-06-08,Raúl B.,degusta,"{'comida': 'positive', 'servicio': 'neutral', 'precio': 'positive', 'ambiente': 'neutral'}"
109561,Nisos Aegean Grill,General,Panamá,,4.9165,,,,"Definitivamente ya sé por qué tienen una calificación de 4.9 en Degusta. Como amante de los sabores y aromas mediterráneos, creo que encontré mi lugar favorito en la ciudad. ¿Qué les puedo decir? Para mí, es de lo mejor que he probado. La propuesta destaca por una comida impecable, fresca y bien elaborada. Logran un equilibrio perfecto en mesa con platos cremosos, contrastes crujientes, el uso respetuoso de las especias y carnes sumamente jugosas en su punto óptimo. Lo más valioso de su cocina es que esos aromas y sabores me hicieron recordar inmediatamente mi niñez en casa de la griega María, la amiga de mi mamá, cuando íbamos a su casa a comer. Es alta cocina con el alma de la cocina casera tradicional. La atención está al nivel que esperaba el joven que nos atendió demostró un gran manejo de la carta, estuvo siempre dispuesto a explicar, sugerir y, sobre todo, pendiente de nuestra mesa con una sincronización impecable. El local es muy cómodo, acogedor y destaca por su limpieza absoluta. El único punto de mejora logística propio de la zona son los estacionamientos, que se perciben un poco reducidos en horas pico, pero la experiencia gastronómica compensa por completo este detalle. Un lugar de visita obligatoria para los que buscan consistencia y frescura. Definitivamente tengo que regresar.",2026-06-08,Pascual F.,degusta,"{'comida': 'positive', 'servicio': 'neutral', 'precio': 'neutral', 'ambiente': 'positive'}"
109561,Nisos Aegean Grill,General,Panamá,,4.9165,,,,la comida muy sabrosa y bien servida. los meseros son muy educados y atentos y flexibles a acomodar ciertos cambios en algunos platos.,2026-06-07,R S.,degusta,"{'comida': 'positive', 'servicio': 'positive', 'precio': 'neutral', 'ambiente': 'neutral'}"
109561,Nisos Aegean Grill,General,Panamá,,4.9165,,,,Eramos 4 personas y pedimos varios platos para compartir. El pulpo y los langostinos al carbon estaban deliciosos. También pedimos las empanaditas de feta con miel muy buenas. Adicionalmente pedimos la ensalada de garbanzo y unas bolitas de carne con satziki. Recomendado,2026-05-30,Melissa D.,degusta,"{'comida': 'neutral', 'servicio': 'neutral', 'precio': 'neutral', 'ambiente': 'neutral'}"
109561,Nisos Aegean Grill,General,Panamá,,4.9165,,,,"buena comida y abundante, con un plato principal pueden comer hasta 2 personas. las empanadas con queso feta bañadas con miel estaban muy ricas.",2026-05-24,Vanessa F.,degusta,"{'comida': 'positive', 'servicio': 'neutral', 'precio': 'neutral', 'ambiente': 'neutral'}"
109141,Umi The Bar,General,Panamá,,4.986,,,,"Umi demuestra siempre cada vez por que es el mejor rest de sushi en panama desde los ingredientes y sabores todos apuntan a alta calidad, en sushi numero 1 en panaam, la torta vasca sumamente recomendada",2026-06-13,A J.,degusta,"{'comida': 'positive', 'servicio': 'neutral', 'precio': 'neutral', 'ambiente': 'neutral'}"
109141,Umi The Bar,General,Panamá,,4.986,,,,"Es una verdadera delicia, volvería sin dudarlo. los cortes divinos. La comida estaba tan rica que no tomé fotos, de una tenía que probar lo que nos traían.",2026-06-11,Anabella R.,degusta,"{'comida': 'positive', 'servicio': 'neutral', 'precio': 'neutral', 'ambiente': 'neutral'}"
109141,Umi The Bar,General,Panamá,,4.986,,,,Se ha convertido en mi restaurante favorito  amo cada ítem de su menú! sobre todo su hand roll de hamachi. vale la pena para cualquier ocasión! la experiencia en barra es la mejor.,2026-06-10,Ali W.,degusta,"{'comida': 'positive', 'servicio': 'neutral', 'precio': 'neutral', 'ambiente': 'neutral'}"
109141,Umi The Bar,General,Panamá,,4.986,,,,"Sin duda, el mejor sushi bar de Panamá. La calidad de los cortes está a un nivel superior a cualquier otra propuesta que haya probado en el país el pescado es increíblemente fresco, la textura es impecable y cada pieza refleja una atención excepcional al detalle. Fácilmente se ha posicionado como uno de mis restaurantes favoritos. Más allá de los clásicos, recomiendo probar la mayor cantidad de opciones posibles del menú, ya que cada plato tiene una personalidad propia y sabores distintivos que sorprenden. Es de esos lugares donde cada visita se convierte en una nueva experiencia gastronómica. Si eres amante del sushi y la cocina japonesa de calidad, este lugar es una visita obligada.",2026-06-01,Mariah B.,degusta,"{'comida': 'positive', 'servicio': 'positive', 'precio': 'neutral', 'ambiente': 'positive'}"
109141,Umi The Bar,General,Panamá,,4.986,,,,"Mi sushi bar favorito en Panamá, el nivel de calidad en el pescado es algo que no he encontrado en ningun otro sitio. siento que algun dia este sitio puede tener la primera estrella michelin en Panamá. comida 1010, servicio 1010, cocktails 1010 y diferentes! para una ocasion especial este sitio vale la pena",2026-05-24,Claudia P.,degusta,"{'comida': 'positive', 'servicio': 'neutral', 'precio': 'neutral', 'ambiente': 'neutral'}"
109858,Primavera Rooftop,General,Panamá,,4.982,,,,"Si buscas un lugar con linda vista para el sunset, este es el lugar. Todos sus platos están exquisitos. Tambien es excelente lugar para ir por tragos con amigas y fumar hooka. Mi entrada favorita conchas a la parmesana Plato fuerte recomendado entraña prime!!! y no se vayan sin probar la tarta vasca porfavorrrrr",2026-06-10,Luz D.,degusta,"{'comida': 'positive', 'servicio': 'neutral', 'precio': 'neutral', 'ambiente': 'positive'}"
109858,Primavera Rooftop,General,Panamá,,4.982,,,,"El restaurante tiene una vista preciosa y un ambiente y decoración 1010. En cuanto a la comida pedimos para compartir y todo estaba riquísimo recomiendo los nigiris, el butter crab roll y los tacos ribeye y de tomar el carajillo estaba en su punto!",2026-06-09,Dani C.,degusta,"{'comida': 'positive', 'servicio': 'neutral', 'precio': 'neutral', 'ambiente': 'neutral'}"
109858,Primavera Rooftop,General,Panamá,,4.982,,,,"Excelente servicio, ambiente divino me encantó todo! Sobre todo los drinks. Para venir con amigas o amigos comes delicioso! Súper recomendado",2026-06-09,Dominic R.,degusta,"{'comida': 'positive', 'servicio': 'positive', 'precio': 'neutral', 'ambiente': 'positive'}"
109858,Primavera Rooftop,General,Panamá,,4.982,,,,"Que lugar TAN increíble! El ambiente, la decoración, el servicio pero sobre todo la comida! no pueden irse sin pedir las conchas, los dumplings y por supuesto que la tarta vasca de lotus. Ame todo!!!",2026-06-09,Madelaine H.,degusta,"{'comida': 'neutral', 'servicio': 'neutral', 'precio': 'neutral', 'ambiente': 'positive'}"
109858,Primavera Rooftop,General,Panamá,,4.982,,,,"Empezando por la vista apenas llegas, el lugar es precioso. La atención es un 1010 desde que entras te reciben con una sonrisa y todo el personal te saluda y te da la bienvenida, lo que hace que la experiencia sea muy agradable desde el primer momento. La joven que nos atendió nos dio excelentes recomendaciones. Probamos el Hamachi del Trópico como entrada y fue un 1000010, simplemente espectacular. Como plato fuerte, pedí el lomo saltado y mi amiga una pesca  miso. ¡Uf, deliciosos ambos! Se nota la calidad de los ingredientes y el cuidado en cada preparación. Y para completar la experiencia, la música estuvo excelente una selección muy bien pensada que complementa perfectamente el ambiente. Mega recomendado. Sin duda volvería. ",2026-06-09,Yomalis P.,degusta,"{'comida': 'neutral', 'servicio': 'positive', 'precio': 'neutral', 'ambiente': 'positive'}"
109704,Bella Mia Ristorante,General,Panamá,,4.962,,,,"Esta es mi tercera vez y siempre salgo complacida, perfección en servicio, comida, y la sangría blanca a otro nivel. La dinámica familiar es interesante, madre, hija y el Chef, estamos encantados con el lugar.",2026-06-13,Degustando M.,degusta,"{'comida': 'neutral', 'servicio': 'neutral', 'precio': 'neutral', 'ambiente': 'neutral'}"
109704,Bella Mia Ristorante,General,Panamá,,4.962,,,,"Fui a almorzar con 2 amigos. Pedimos de entrada el Carpaccio de Res que estuv9 maravilloso y la burrata tambien deliciosa ambos platos bien presentados y deliciosos. Platos fuerte decidí probar el Osobuco que venia una pocion de pasta con la salsa del Osobuco. Nunca lo había pribado y me encabtó. La salsa perfecra ni muy espesa ni muy suelta. El osobuzo tan suave que se deshacía. Mi amiga pidio Pasta con salsa de Vodka y mi amigo Pasra con langontinos. Amos quedaron gatamente impresionados. De postre comimos un flan, riquisimo.Se come delicioso,las porciones son geberosas, la atención buenisima y el tiempo de espera es mínimo.",2026-06-12,GIOVA62,degusta,"{'comida': 'positive', 'servicio': 'neutral', 'precio': 'neutral', 'ambiente': 'neutral'}"
109704,Bella Mia Ristorante,General,Panamá,,4.962,,,,Sopa de Lentejas bueno Almejas muy bueno Osobuco con tagliatele muy bueno Lava cake muy bueno La atención muy buena,2026-06-12,Juan F. P.,degusta,"{'comida': 'positive', 'servicio': 'neutral', 'precio': 'neutral', 'ambiente': 'neutral'}"
109704,Bella Mia Ristorante,General,Panamá,,4.962,,,,Restaurante con sabor casero con muy buena relación calidadprecio. La bruschetta es hecha con un pan artesanal estupendo y con ingredientes muy frescos .No es lo más importante del menú pero si un indicio de lo que vendría. Los ravioli rellenos de ossobuco no decepcionaron. No se pierdan el volcán de chocolate de postre.,2026-06-07,Juan J.,degusta,"{'comida': 'positive', 'servicio': 'neutral', 'precio': 'positive', 'ambiente': 'neutral'}"
109704,Bella Mia Ristorante,General,Panamá,,4.962,,,,Un lugar sencillo no muy grande pero bien acogedor. Su especialidad es la pasta preparada al momento en la casa. El servicio es muy agradable y dispuesto con el conocimiento necesario. Adicional a todo los precios se corresponden con lo que recibes. Si eres un fan de la pasta debe ir.,2026-06-01,arcetunon,degusta,"{'comida': 'positive', 'servicio': 'positive', 'precio': 'neutral', 'ambiente': 'neutral'}"
101309,Sugoi San Francisco,General,Panamá,,4.85,,,,"Un lugar con una carta variada de comida japonesa y buena atención. Si eres amante de los rollitos, aquí tienen amplia variedad. El servicio es rápido así que si cuentan con poco tiempo esta es una buena opción.",2026-06-13,Alejandra R.,degusta,"{'comida': 'positive', 'servicio': 'positive', 'precio': 'positive', 'ambiente': 'positive'}"
101309,Sugoi San Francisco,General,Panamá,,4.85,,,,"No ponen platos ni servilletas, hay pedirlos, de resto la comida el ambiente y el servicio todo bien bien bien",2026-06-12,Roberto M.,degusta,"{'comida': 'neutral', 'servicio': 'neutral', 'precio': 'neutral', 'ambiente': 'neutral'}"
101309,Sugoi San Francisco,General,Panamá,,4.85,,,,"Rico momento en este lugar, compañeros de trabajo algo de parking, sangria en promo super buen sabor la de frutos rojos, rica comida , las gyosas estan brutales.",2026-06-11,Augusto L.,degusta,"{'comida': 'positive', 'servicio': 'neutral', 'precio': 'neutral', 'ambiente': 'positive'}"
101309,Sugoi San Francisco,General,Panamá,,4.85,,,,excelente servicio Juan David nos atendió super bien y la comida deliciosa toda la comida riquísima lo que más me gustó fueron las croquetas con su salsa tártara ufff delicioso sin duda,2026-06-10,Yaileth O.,degusta,"{'comida': 'positive', 'servicio': 'positive', 'precio': 'neutral', 'ambiente': 'neutral'}"
101309,Sugoi San Francisco,General,Panamá,,4.85,,,,"Muy bueno, me gustó el barco mundialista. Lo recomiendo. San Francisco muy buena la atención brindada. Volvería sin pensarlos. excelente.",2026-06-09,Jelenis C.,degusta,"{'comida': 'positive', 'servicio': 'neutral', 'precio': 'neutral', 'ambiente': 'neutral'}"
100096,Sugoi El Cangrejo,General,Panamá,,,,,,"Pedí un toriniku y una cosa cola zero Buen ambiente, buena atención y comida. Lo único es que el martes en la noche esperé media hora la comida",2026-06-11,Angie D.,degusta,"{'comida': 'positive', 'servicio': 'neutral', 'precio': 'neutral', 'ambiente': 'positive'}"
100096,Sugoi El Cangrejo,General,Panamá,,,,,,"Buena comida relación calidad precio. Nos atendio Jefry, el pelao bien atento. El lugar es bien agradable y en la terraza de fuera es pet friendly.",2026-06-07,Mario A.,degusta,"{'comida': 'positive', 'servicio': 'neutral', 'precio': 'positive', 'ambiente': 'positive'}"
100096,Sugoi El Cangrejo,General,Panamá,,,,,,"deliciosos rolls, atención excelente por yajaira y muy buenas bebidas, el sugoi roll y la margarita de maracuya increíble, muy bonita sucursal.",2026-06-06,Ivana Raquel S.,degusta,"{'comida': 'positive', 'servicio': 'neutral', 'precio': 'neutral', 'ambiente': 'neutral'}"
100096,Sugoi El Cangrejo,General,Panamá,,,,,,"La comida muy rica, deliciosas y fresca, y buena atención por parte de Angela. La pasamos super bien. Recomendados 1010",2026-06-01,Carolyn T.,degusta,"{'comida': 'positive', 'servicio': 'neutral', 'precio': 'neutral', 'ambiente': 'neutral'}"
100096,Sugoi El Cangrejo,General,Panamá,,,,,,"Muy bien!! jeff nos atendió súper bien !! los mejores sushi en Panamá !!! el canalero y el Sugoi súper buenos , los recomiendo",2026-06-01,Ibeth S.,degusta,"{'comida': 'positive', 'servicio': 'neutral', 'precio': 'neutral', 'ambiente': 'neutral'}"
102927,Sugoi Brisas del Golf,General,Panamá,,,,,,Siempre excelente servicio y comida. Buen ambiente laboral se nota que se esmeran en que disfrutes el momento. Nunca decepcionado.,2026-06-14,Juan L.,degusta,"{'comida': 'positive', 'servicio': 'positive', 'precio': 'neutral', 'ambiente': 'neutral'}"
102927,Sugoi Brisas del Golf,General,Panamá,,,,,,Bueno solo que la comida tardo un poco pero los chicos súper amables y atentos . Buen ambiente y buen aire acondicionado,2026-06-10,Nikaira I.,degusta,"{'comida': 'positive', 'servicio': 'neutral', 'precio': 'neutral', 'ambiente': 'neutral'}"
102927,Sugoi Brisas del Golf,General,Panamá,,,,,,"excelente comida siempre, la atención puede mejorar ya que esperamos mucho tiempo por los sushis y constantemente teníamos que pedir agua, pero el trato fue bueno y la calidad de la comida bien.",2026-06-10,Gladys B.,degusta,"{'comida': 'positive', 'servicio': 'neutral', 'precio': 'neutral', 'ambiente': 'neutral'}"
102927,Sugoi Brisas del Golf,General,Panamá,,,,,,"buena atención y muy bueno los sushi, lo recomiendo y el postre que pedimos cookies and Cream roll estuvo delicioso",2026-06-08,Jessica L.,degusta,"{'comida': 'positive', 'servicio': 'neutral', 'precio': 'neutral', 'ambiente': 'neutral'}"
102927,Sugoi Brisas del Golf,General,Panamá,,,,,,"A pesar de ser una sucursal pequeña, es muy acogedora, íntima y muy bonita. Personal siempre atento y a disposición, comida rica y sin perder su estilo. En esta oportunidad celebramos cumpleaños, pero para cualquier ocasión sin duda volvería.",2026-06-03,Karol S.,degusta,"{'comida': 'positive', 'servicio': 'positive', 'precio': 'neutral', 'ambiente': 'neutral'}"
106995,Austin Mamas Costa del Este,General,Panamá,,,,,,Austin Mamas ofrece una comida espectacular con un ambiente brutal. El servicio es impecable y los sabores realmente te conquistan. ¡Súper recomendado!,2026-06-12,Jose Angel E.,degusta,"{'comida': 'neutral', 'servicio': 'neutral', 'precio': 'neutral', 'ambiente': 'neutral'}"
106995,Austin Mamas Costa del Este,General,Panamá,,,,,,"Excelente sabor, excelente atención. Estuvimos allí por Aniversario de Bodas y nos trataron tan bien que de cortesía nos dieron un postre  la comida pensé que demoraria un poco y para nada! La atención de Steven fue excelente!",2026-06-11,Lourdes R.,degusta,"{'comida': 'positive', 'servicio': 'neutral', 'precio': 'neutral', 'ambiente': 'neutral'}"
106995,Austin Mamas Costa del Este,General,Panamá,,,,,,"Buena atención, no tuvimos ni que pedir agua cuando ya nos la habían servido. La comida no demoró ni 15 minutos, pedí un 2x2 y como siempre el brisket y las ribs estaban buenisimas.",2026-06-11,Luciano V.,degusta,"{'comida': 'positive', 'servicio': 'neutral', 'precio': 'neutral', 'ambiente': 'neutral'}"
106995,Austin Mamas Costa del Este,General,Panamá,,,,,,"un buen lugar para ir a disfrutar de asados, ambiente bien ajustado a la cultura americana. mejorable el rub de la carne algo excesivo en sal.",2026-06-10,Jairo J. G.,degusta,"{'comida': 'neutral', 'servicio': 'neutral', 'precio': 'neutral', 'ambiente': 'neutral'}"
106995,Austin Mamas Costa del Este,General,Panamá,,,,,,"Fuimos un grupo de 8, nos fue excelente. El brisket y el pulled pork 100 recomendados. La atención, impecable. Es una excelente opción para ir en grupo!",2026-06-05,Jorge A.,degusta,"{'comida': 'positive', 'servicio': 'neutral', 'precio': 'neutral', 'ambiente': 'neutral'}"
101505,Casa Alejandro,General,Panamá,,,,,,Una buenísima opción para un almuerzo de negocios. La comida y la atención siempre excelente. Cuenta con valet parking lo que es un plus.,2026-06-13,Aracelis A.,degusta,"{'comida': 'positive', 'servicio': 'neutral', 'precio': 'neutral', 'ambiente': 'neutral'}"
101505,Casa Alejandro,General,Panamá,,,,,,"Comida española 100 el menú es extenso. Todo lo que he probado vale la pena, te sientes es casa de un español de visita. El duelo está presente en el restaurante y es un plus",2026-06-02,Hector V.,degusta,"{'comida': 'neutral', 'servicio': 'neutral', 'precio': 'neutral', 'ambiente': 'neutral'}"
101505,Casa Alejandro,General,Panamá,,,,,,"Para un almuerzo este lugar buenisimo. Llegamos y siempre está full. Comida rica, fresca, estilo española. Lugar recomendado. Tiene valet parking.",2026-06-01,Natalia B.,degusta,"{'comida': 'positive', 'servicio': 'neutral', 'precio': 'neutral', 'ambiente': 'positive'}"
101505,Casa Alejandro,General,Panamá,,,,,,"La comida no defrauda, el servicio y atención excelente. Una extensa y variada carta. Recomiendo los garbanzos con bacalao, hongos con ajo, pulpo al ajillo y por supuesto la crema catalana. Son esos lugares que no fallan. El chefdueño siempre da la vuelta pendiente de los detalles. Tienen area para estacionamiento.",2026-05-17,Buen comensal,degusta,"{'comida': 'positive', 'servicio': 'positive', 'precio': 'neutral', 'ambiente': 'neutral'}"
101505,Casa Alejandro,General,Panamá,,,,,,"excelente restaurante, te sientes como en casa, siempre sera un lugar full recomendado. Desde que le conoci, y tengo invitados en Panama, es una salida obligatoria, nunca fallan.",2026-05-17,Jorge L.,degusta,"{'comida': 'positive', 'servicio': 'neutral', 'precio': 'neutral', 'ambiente': 'positive'}"
rg_6575070,Salsipuedes Restaurant,"Latinoamericana, Contemporanea, Panameña",Panama City,$$,4.9,,,,"excelente restaurante, lindo lugar, amable atención, deliciosa comida",,,restaurantguru,"{'comida': 'positive', 'servicio': 'neutral', 'precio': 'neutral', 'ambiente': 'positive'}"
rg_6575070,Salsipuedes Restaurant,"Latinoamericana, Contemporanea, Panameña",Panama City,$$,4.9,,,,Excelente servicio el lugar es agradable se los recomiendo sin duda. Food 5 Service 5 Atmosphere 5 Meal type Lunch,,,restaurantguru,"{'comida': 'neutral', 'servicio': 'positive', 'precio': 'neutral', 'ambiente': 'positive'}"
rg_6575070,Salsipuedes Restaurant,"Latinoamericana, Contemporanea, Panameña",Panama City,$$,4.9,,,,"Salsipuedes Restaurant After a long humid day in the forest we just walked by this hotel and said screw it. The location and set up is gorgeous, their servers are well trained and polite! Just a side note they charge you for the water they put on your table. Found that quite odd The bartender knows exactly what hes doing, every cocktail we tried was delicious and perfectly balanced. The chefs menu looks fantastic with lots of variety and colours. Excited to dive in. We got complimentary plantain chips and warm Panamanian bread to start! Delicious appetizer 8.810 Ordered the Salmon Ceviche 9.210 colourful, acidic, fatty, crunch, soft. It was hitting every note and overall fantastic dish. I got the curry Afrocaribeño 6.210. The coconut rice was seasoned to perfection, not too sweet and perfectly cooked. Presented in a big banana leaf to show tradition great touch. Overall flavour was pretty good but there was some technical flaws. The eggplant definitely wasnt soaked in salt water for preparation as it was quite bitter. Also there was just half a piece of Brussels sprout and half a piece of asparagus? I dont know if I just got a bad portion but that shouldnt happen. It was mainly zucchini and egg plant. The chicken was also quite dry which was disappointing. Causa y Camarones 7.510. Gorgeous plating and a cold dish. Shrimps were cooked beautifully and all the flavours were delicate. The flavours overall werent wowing and personally I think it could have used some spice. Also sauce to dish ratio was too much. Food 4 Service 4 Atmosphere 4 Meal type Lunch Price per person PAB 4550",,,restaurantguru,"{'comida': 'positive', 'servicio': 'positive', 'precio': 'neutral', 'ambiente': 'neutral'}"
rg_7008572,Sugoi Caribbean Sushi  Condado del Rey,Sushi,Panama City,$$,4.9,,,,Fuimos a la sucursal del Condado de Rey y todo excelente. Fui con mi esposo nos pedimos un padthai y rolles Tokio y PTY. Muy rico todo. La atención de los chicos super. Nos atendió Luisana muy amable y coordial. Meal type Dinner Price per person PAB 4550 Food 5 Service 5 Atmosphere 5,,,restaurantguru,"{'comida': 'neutral', 'servicio': 'neutral', 'precio': 'neutral', 'ambiente': 'neutral'}"
rg_7008572,Sugoi Caribbean Sushi  Condado del Rey,Sushi,Panama City,$$,4.9,,,,"The food and service were really good. Staff were very friendly and welcoming. Will definitely come again. Thank you. Price per person PAB 1520 Food 5 Service 5 Atmosphere 5 Recommended dishes Sugoi Roll, Gyosas Vegetarian options Good choice Dietary restrictions Good",,,restaurantguru,"{'comida': 'positive', 'servicio': 'positive', 'precio': 'positive', 'ambiente': 'neutral'}"
rg_7008572,Sugoi Caribbean Sushi  Condado del Rey,Sushi,Panama City,$$,4.9,,,,Family celebration  EXCELLENT food  REAL espresso!  definitely coming back! Make a reservation! Meal type Dinner Food 5 Service 5 Atmosphere 5,,,restaurantguru,"{'comida': 'positive', 'servicio': 'neutral', 'precio': 'neutral', 'ambiente': 'neutral'}"
rg_6132595,Azahar Restaurant,"Fusión, Mediterránea, Pescado y marisco",Panama City,$$$,5.0,,,,"Se come bien, pero el servicio aquí y en Panamá en generla es MUUUY LENTO. No recogen los platos sucios y las bebidas tardan mucho em dártelas. Food 4 Service 2 Atmosphere 3",,,restaurantguru,"{'comida': 'neutral', 'servicio': 'negative', 'precio': 'neutral', 'ambiente': 'neutral'}"
rg_6132595,Azahar Restaurant,"Fusión, Mediterránea, Pescado y marisco",Panama City,$$$,5.0,,,,"Excelente lugar para compartir en pareja o con amigos, no es una salida a comer, es una experiencia desde la llegada al lugar. Me preguntaron si tenia algún tipo de alergias antes de pedir. Mi parte favorita el postre 100100. Food 5 Service 5 Atmosphere 5 Order type Dine in Meal type Dinner Price per person PAB 3035",,,restaurantguru,"{'comida': 'positive', 'servicio': 'neutral', 'precio': 'neutral', 'ambiente': 'positive'}"
rg_6132595,Azahar Restaurant,"Fusión, Mediterránea, Pescado y marisco",Panama City,$$$,5.0,,,,"Azahar Restaurant es un lugar encantador, con un ambiente elegante y una vista espectacular. La comida es deliciosa, con presentaciones cuidadas y sabores únicos. El servicio es atento y profesional, lo que hace que la experiencia sea aún mejor. Ideal para una cena especial o simplemente disfrutar de buena gastronomía en un lugar acogedor. ¡Totalmente recomendado! Food 5 Service 5 Atmosphere 5 Meal type Brunch Price per person PAB 1520",,,restaurantguru,"{'comida': 'positive', 'servicio': 'positive', 'precio': 'neutral', 'ambiente': 'positive'}"
rg_7386270,Restaurante Santa Rita  Comida Española Panamá,"Española, Argentina, Churrasquería",Panama City,$$,4.9,,,,"El lugar es muy bonito y la comida muy buena! Es un lugar pequeño y se hace un poco de ruido, pero fuera de eso la experiencia fue muy buena! Las patatas bravas estaban buenísimas. Food 5 Service 4 Atmosphere 4",,,restaurantguru,"{'comida': 'positive', 'servicio': 'neutral', 'precio': 'neutral', 'ambiente': 'positive'}"
rg_7386270,Restaurante Santa Rita  Comida Española Panamá,"Española, Argentina, Churrasquería",Panama City,$$,4.9,,,,"Pésima comida, mala atención y lo peor te meten dólares falsos aprovechando la poca luz del lugar. Cuando reclamas obviamente se hacen los desentendidos. Si no quieren vivir una mala experiencia, NO VALLAN!! Food 1 Service 1 Atmosphere 1 Price per person PAB 3035",,,restaurantguru,"{'comida': 'negative', 'servicio': 'neutral', 'precio': 'neutral', 'ambiente': 'negative'}"
rg_7386270,Restaurante Santa Rita  Comida Española Panamá,"Española, Argentina, Churrasquería",Panama City,$$,4.9,,,,"Fuimos a cenar en Santa Rita en nuestra última noche en Panamá y fue, sin exagerar, uno de los mejores momentos del viaje. El lugar es hermoso, con un ambiente cálido y elegante que invita a relajarse y disfrutar. Pero lo que realmente marca la diferencia es la atención impecable, cercana y genuina. Incluso la dueña, argentina, se acercó a saludarnos, y ese gesto hizo que la experiencia se sintiera todavía más especial y personalizada. Decidimos compartir varias entradas y platos, y cada uno superó al anterior. Los buñuelos de bacalao estaban increíbles, el portobello lleno de sabor y la tortilla de papas con trufa directamente espectacular. De principales, el salmón con papas y la pesca del día con risotto de hongos fueron de un nivel altísimo, con productos de calidad y una ejecución impecable. Se nota cuando hay pasión detrás de un proyecto, y Santa Rita lo transmite en cada detalle en la comida, en el servicio y en el ambiente. Es de esos lugares que no solo recomendás, sino que realmente querés que otros descubran. Sin duda volveríamos. Gracias por una noche inolvidable. Food 5 Service 5 Atmosphere 5 Price per person PAB 4045",,,restaurantguru,"{'comida': 'positive', 'servicio': 'neutral', 'precio': 'neutral', 'ambiente': 'neutral'}"
rg_8821814,Valentis Pizzería y Restaurante,Italiana,Panama City,$$,4.9,,,,"Me encantó el lugar y la comida 1000000010. El servicio es excelente, son muy amables y explican acerca de todo. Atienden muy rápido y la comida no demora mucho. Ambientes tranquilo para una tarde donde quieres relajarte y solo comer Service Dine in Meal type Dinner Price per person PAB 2025 Food 5 Service 5 Atmosphere 5 Recommended dishes Fettuccine Alfredo Con Pollo, Hawaiianabacon de 8",,,restaurantguru,"{'comida': 'positive', 'servicio': 'positive', 'precio': 'positive', 'ambiente': 'positive'}"
rg_8821814,Valentis Pizzería y Restaurante,Italiana,Panama City,$$,4.9,,,,"Desde la bienvenida hasta cantar el cumpleaños todo fue excelente, nos asignaron una chica para el servicio, arreglaron la mesa con dulce y otros... La atención, actitud, servicio, precios y comida sobrepasó nuestras espectativas. Regresaremos, gracias chicas Service Dine in Meal type Dinner Price per person PAB 510 Food 5 Service 5 Atmosphere 5 Recommended dishes Calzone de Jamón, Palitroques Con Ajo Rellenos de Mozzarella, Lasagna de Carne",,,restaurantguru,"{'comida': 'positive', 'servicio': 'positive', 'precio': 'positive', 'ambiente': 'neutral'}"
rg_8821814,Valentis Pizzería y Restaurante,Italiana,Panama City,$$,4.9,,,,"Es un ambiente agradable, aparte de eso cuando llegas tienes una buena atención por parte de los saloneros y la comida es muy deliciosa se los recomiendo full Service Dine in Meal type Dinner Price per person PAB 2025 Food 5 Service 5 Atmosphere 5",,,restaurantguru,"{'comida': 'positive', 'servicio': 'positive', 'precio': 'positive', 'ambiente': 'positive'}"
rg_1585935,Kaandela Restaurant,Panameña,Panama City,$$$,4.9,,,,Muy bueno Food 4 Service 5 Atmosphere 5,,,restaurantguru,"{'comida': 'positive', 'servicio': 'positive', 'precio': 'neutral', 'ambiente': 'neutral'}"
rg_1585935,Kaandela Restaurant,Panameña,Panama City,$$$,4.9,,,,"La comida no está mal. Pero parece que el mesero no le interesó lo que pedimos. Pedimos dos platillos, uno de entrada y otro de plato fuerte. Nos trajeron ambos platos exactamente al mismo tiempo. El mesero nos recomendó la carne bien cocida, pero decidimos pedirla termino medio y aún así le trajeron bien cocida. ¿Entonces para qué preguntan? Finalmente pedimos un espresso con el postre y trajeron el café 20 minutos después. Food 3 Service 2 Atmosphere 4",,,restaurantguru,"{'comida': 'neutral', 'servicio': 'neutral', 'precio': 'neutral', 'ambiente': 'neutral'}"
rg_1585935,Kaandela Restaurant,Panameña,Panama City,$$$,4.9,,,,"Kaandela Restaurant is an absolute gem in historic downtown Panama! Located in the heart of the city just minutes from the cathedral, the restaurant is surrounded by stunning architecture and breathtaking views that create an unforgettable atmosphere. A special thank you to Luis Afu, the restaurant manager, who provided extensive and thoughtful details about food preparation and perfect wine pairing options. His knowledge and passion truly elevated the entire dining experience. The staff is fantastic  welcoming, attentive, and incredibly knowledgeable. You can genuinely feel their passion for hospitality from the moment you arrive. Chef Jose Aparicio even came out, and we had the opportunity to meet and personally thank him. He is such a young and talented chef with a true passion for the art of cooking. From the rich flavors to the beautiful plating, every dish is presented like art and tastes just as incredible. I cant emphasize enough how delicious the meal was. I will definitely be back to continue experiencing the food, culture, and vibrant energy this place brings. Highly recommend! P.S. If youre lucky, you may even be able to book a stay in this exclusive location  which makes the experience even more special. Meal type Dinner Price per person PAB 50 Food 5 Service 5 Atmosphere 5",,,restaurantguru,"{'comida': 'positive', 'servicio': 'positive', 'precio': 'neutral', 'ambiente': 'positive'}"
rg_1362605,Aya la Vida Restaurante Comida Panameña Panamá,"Caribeña, Centroamericana, Grill",Panama City,$$$$,4.9,,,,"What a great experience Aya la Vida was! We came on the recommendation of friends and were so glad we did! The restaurant was spacious with many different sized tables for groups of every size. They had live music the night we went, which was such a fun experience to be a part of. The food was delicious  traditional Panamanian. Dont be turned off or confused by some of the dish names  they did literal translations for a few. We got the Volcano Old Clothes Meat  in Spanish its Ropa Vieja  which is a traditional slow cooked beef. Drinks were good, too, and all was reasonably priced. Id recommend a reservation, especially if youre more than 4. Meal type Dinner Price per person PAB 4045 Food 5 Service 5 Atmosphere 5",,,restaurantguru,"{'comida': 'positive', 'servicio': 'neutral', 'precio': 'positive', 'ambiente': 'positive'}"
rg_1362605,Aya la Vida Restaurante Comida Panameña Panamá,"Caribeña, Centroamericana, Grill",Panama City,$$$$,4.9,,,,the lady at the reception was quite rude and kept pushing us to tip more even though we were quite unsatisfied our overall experience. we happened to be wearing casual clothes and were purposely seated at the very back behind a wall next to the bathroom and the kitchen even though the restaurant was almost EMPTY. there was live music and we couldnt see a thing because we were hidden away behind the wall. the food was mediocre and the rice we ordered was extremely undercooked. considering the quality pretty overpriced Meal type Dinner Price per person PAB 2025 Food 2 Service 2 Atmosphere 5,,,restaurantguru,"{'comida': 'negative', 'servicio': 'neutral', 'precio': 'neutral', 'ambiente': 'neutral'}"
rg_1362605,Aya la Vida Restaurante Comida Panameña Panamá,"Caribeña, Centroamericana, Grill",Panama City,$$$$,4.9,,,,"We went to Aya La Vida as a group of four and from start to finish it was simply outstanding. We ordered three appetizers, three main dishes, and three desserts  and every single plate was excellent. Not one weak point. Everything we tried was full of flavor, beautifully presented, and clearly made with pride. But what made the entire experience next level was our server, Sonny. Sonny was absolutely amazing. Friendly, happy, professional, and incredibly efficient. Every dish we ordered was his recommendation  and he nailed every single one. That kind of confidence and knowledge only comes from someone who truly understands and believes in what theyre serving. He prepared the steak tartare right at the table, explaining everything and engaging with all of us. Then he came back for dessert and did the rum flambé tableside  fire, presentation, energy  the whole experience. Its that extra effort, that extra pride in service, that makes you genuinely happy to leave a 2030 tip without even thinking about it. When you find a place with great food and service that is genuinely warm and kind, it changes the entire night. You can feel that the manager, the kitchen, and the ownership are doing something special. They are showcasing quality Panamanian cuisine in a way that makes both locals and tourists proud. Live music, dancing on Thursdays, great vibe, amazing hospitality  this place has it all. Huge congratulations to the team at Aya La Vida, and especially to Sonny. Well definitely be back. Meal type Dinner Price per person PAB 3035 Food 5 Service 5 Atmosphere 5",,,restaurantguru,"{'comida': 'positive', 'servicio': 'positive', 'precio': 'neutral', 'ambiente': 'positive'}"
rg_7546087,Applebees Grill  Bar  Town Center Costa del Este,Americana,Panama City,$$,4.9,,,,Great service! Jose did an amazing job! Meal type Other Price per person PAB 1520 Food 5 Service 5 Atmosphere 5,,,restaurantguru,"{'comida': 'neutral', 'servicio': 'positive', 'precio': 'neutral', 'ambiente': 'neutral'}"
rg_7546087,Applebees Grill  Bar  Town Center Costa del Este,Americana,Panama City,$$,4.9,,,,"My waiters name was Christopher and he gave great customer service, and the food was great, was happy to enjoy Applebees while visiting here in Panama. Meal type Dinner Food 5 Service 5 Atmosphere 5",,,restaurantguru,"{'comida': 'positive', 'servicio': 'positive', 'precio': 'neutral', 'ambiente': 'neutral'}"
rg_7546087,Applebees Grill  Bar  Town Center Costa del Este,Americana,Panama City,$$,4.9,,,,All good. Maria and Andrea were very nice Meal type Dinner Food 5 Service 4 Atmosphere 5,,,restaurantguru,"{'comida': 'positive', 'servicio': 'positive', 'precio': 'neutral', 'ambiente': 'neutral'}"
